 SLBELL001, "TABLE BELL"
 PLBC0012B, "SILVERWARE BIN FOR PLBC3316G AND PLBC4019G"
 PLTHTB016R, "16 OZ TUMBLER, RED"
 PLTHTB010R, "9 1/2 OZ TUMBLERS, RED"
 PLWP064CL, "64 OZ WATER PITCHER, THREE SPOUTS, CLEAR COLOR, POLYCARBONATE"
 SLFN005, "5" STAINLESS STEEL FUNNEL W/ REMOVABLE STRAINER"
 PLTHSB012Y, "12 OZ SQUEEZE BOTTLE, YELLOW"
 PLTHSB024YW, "24 OZ WIDE-MOUTH SQUEEZE BOTTLE, YELLOW (6PK)"
 PLTHSB024Y, "24 OZ SQUEEZE BOTTLE, YELLOW"
 PLMH003, "5" X 7" TABLE CARD HOLDER"
 SLTH220C, "POCKET THERMOMETER 0~220 (CARD)"
 OW115, "CHAMPAGNE OPENER"
 ALMTW001, "2 SIDED ALUMINUM TENDERIZER WOOD HANDLE"
 WDPB006N, "1" ROUND NYLON BRISTLE"
 WDPB006, "1" ROUND BOAR BRISTLES"
 WDBS011H, "11" HEAVY DUTY WIRE BRUSH WITH SCRAPER"
 SLTL010, "16 OZ TWO PIECE LADLE"
 SLTL009, "12 OZ TWO PIECE LADLE"
 SLOL007H, "10 OZ ONE PIECE LADLE, STAINLESS STEEL"
 SLOL007, "8 OZ ONE PIECE LADLE"
 SLTL006, "6 OZ TWO PIECE LADLE"
 OW189, "ASIAN CLEAVER"
 SLTWBS007, "7" SANDWICH SPREADER, WOOD HANDLE"
 SLTWBT210, "10" SOLID TURNER"
 PLCBB02BU, "6" X 2 1/2" X 2" CUTTING BOARD BRUSH, PLASTICS, BLUE"
 ALTWFC016, "16 OZ FLAT BOTTOM SCOOP"
 PLSP010SHR, "10" SCRAPER SPOON SHAPE WITH SILICON HEAD"
 PLSP010HR, "10" SCRAPER WITH SILICON HEAD"
 PLSP010, "10" SCRAPER / PLASTIC"
 SLWS004P, "SANDWICH SPREADER PLASTIC"
 SLWPF014, "14" FRENCH WHIP"
 SLKBS011, "11" DELUXE BAR SPOON"
 SLTG816R, "16" STAINLESS TONG, RED"
 PLPA8194BK, "NINTH SIZE 4" DEEP POLYCARBONATE FOOD PAN, BLACK"
 PLPA8194, "NINTH SIZE 4" DEEP POLYCARBONATE FOOD PAN"
 STPA8162, "SIXTH SIZE 2 1/2" DEEP 24 GAUGE ANTI JAM PANS"
 SLBM010, "4 1/4 QT BAIN MARIE COVER"
 STPA8132, "THIRD SIZE 2 1/2" DEEP 24 GAUGE ANTI JAM PANS"
 STPA8146, "QUARTER SIZE 6" DEEP 24 GAUGE ANTI JAM PANS"
 STPA8142, "QUARTER SIZE 2 1/2" DEEP 24 GAUGE ANTI JAM PANS"
 STPA8194, "NINTH SIZE 4" DEEP 24 GAUGE ANTI JAM PANS"
 PCPC-1BR, "5-3/4" X 9-1/2" CHECK PRESENTATION COVER, BROWN"
 PLMENU-L3BL, "3 PAGE BOOK FOLD MENU COVER, 8 1/2" X 11", BLACK"
 PLPA7190CSBK, "NINTH SIZE SLOTTED COVER FOR POLYCARBONATE FOOD PAN, BLACK"
 PLPA7190CS, "NINTH SIZE SLOTTED COVER FOR POLYCARBONATE FOOD PAN"
 STPA8124L, "HALF SIZE LONG 4" DEEP 24 GAUGE ANTI JAM PANS"
 STPA8124, "HALF SIZE 4" DEEP 24 GAUGE ANTI JAM PANS"
 PLPA8126BK, "HALF SIZE 6" DEEP POLYCARBONATE FOOD PAN, BLACK"
 PLPA8126, "HALF SIZE 6" DEEP POLYCARBONATE FOOD PAN"
 PLPA7120CSBK, "HALF SIZE SLOTTED COVER FOR POLYCARBONATE FOOD PAN, BLACK"
 PLPA7120CBK, "HALF SIZE SOLID COVER FOR POLYCARBONATE FOOD PAN, BLACK"
 PLPA7120CS, "HALF SIZE SLOTTED COVER FOR POLYCARBONATE FOOD PAN"
 PLPA7120C, "HALF SIZE SOLID COVER FOR POLYCARBONATE FOOD PAN"
 STPA7120CSL, "HALF SIZE LONG SLOTTED COVER FOR STEAM PANS"
 STPA7120CS, "HALF SIZE SLOTTED COVER FOR STEAM PANS"
 STPA6002, "FULL SIZE 2 1/2" DEEP 22 GAUGE ANTI JAM PANS"
 PLPA8002BK, "FULL SIZE 2 1/2" DEEP POLYCARBONATE FOOD PAN,, BLACK"
 PLPA8002, "FULL SIZE 2 1/2" DEEP POLYCARBONATE FOOD PAN"
 STPA6004, "FULL SIZE 4" DEEP 22 GAUGE ANTI JAM PANS"
 PLPA7140CSBK, "QUARTER SIZE SLOTTED COVER FOR POLYCARBONATE FOOD PAN, BLACK"
 PLPA7140CBK, "QUARTER SIZE SOLID COVER FOR POLYCARBONATE FOOD PAN, BLACK"
 PLPA7140CS, "QUARTER SIZE SLOTTED COVER FOR POLYCARBONATE FOOD PAN"
 PLPA7140C, "QUARTER SIZE SOLID COVER FOR POLYCARBONATE FOOD PAN"
 STPA7190CS, "NINTH SIZE SLOTTED COVER FOR STEAM PANS"
 STPA7190C, "NINTH SIZE SOLID COVER FOR STEAM PANS"
 SLFC001, "STAINLESS STEEL FLATWARE CYLINDER"
 STPA7160CS, "SIXTH SIZE SLOTTED COVER FOR STEAM PANS"
 STPA7160C, "SIXTH SIZE SOLID COVER FOR STEAM PANS"
 STPA8164, "SIXTH SIZE 4" DEEP 24 GAUGE ANTI JAM PANS"
 STPA8122L, "HALF SIZE LONG 2 1/2" DEEP 24 GAUGE ANTI JAM PANS"
 STPA8122, "HALF SIZE 2 1/2" DEEP 24 GAUGE ANTI JAM PANS"
 STPA7000CS, "FULL SIZE SLOTTED COVER FOR STEAM PANS"
 STPA7000C, "FULL SIZE SOLID COVER FOR STEAM PANS"
 STPA7130CS, "THIRD SIZE SLOTTED COVER STEAM PANS"
 STPA7130C, "THIRD SIZE SOLID COVER FOR STEAM PANS"
 SLIP003, "7 QT INSET PAN"
 STPA6006, "FULL SIZE 6" DEEP 22 GAUGE ANTI JAM PANS"
 STPA6004, "FULL SIZE 4" DEEP 22 GAUGE ANTI JAM PANS"
