SLBELL001,Thundergroup,Table bell,789313315710
PLBC0012B,Thundergroup,,789313013210
PLTHTB016R,Thundergroup,"16 Oz plastic cup, Red",789313230723
PLTHTB010R,Thundergroup,"9.5oz plastic cup, red",789313229925
P600CW,CAMBRO,60 Oz Pitcher,-
PLWP064CL,Thundergroup,"64Oz water pitcher, clear color, polycarbonate",789313896110
SLFN005,Thundergroup,"5"" S/S Funnel w/ Removable Strainer",789313559015
6918,JOHNSON ROSE,24 oz Wide Mouth Red Ketchup Squeeze Bottle,612941069185
PLTHSB012Y,Thundergroup,"12 OZ SQUEEZE BOTTLE, YELLOW",789313228416
PLTHSB024Y,Thundergroup,"24 OZ SQUEEZE BOTTLE, YELLOW",611191173109
PLMH003,Thundergroup,"5""x7""Table Card Holder",789313464319
SLTH220C,Thundergroup,Pocket thermometer 0f to 220F,789313417810
OW115,Thundergroup,champagne opener,789313493517
ALMTW001,Thundergroup,2sided aluminum tenderizer wood handle,789313156412
WDPB006,Thundergroup,"1""Round boar bristles",789313500512
WDBS011H,Thundergroup,"11"" Heavy Duty Wire Brush with Scraper",611191183894
3346,JOHNSON ROSE,Grill stone,612941033469
SLTL010,Thundergroup,16oz two piece ladle ,789313290819
SLTL009,Thundergroup,12oz two piece ladle,789313290710
SLOL007,Thundergroup,8oz one piece ladle,789313269815
SLTL006,Thundergroup,6oz two piece ladle,789313290413
LDI-4,WINCO,"4oz one piece ladle, S/S",812944006518
LDI-2,WINCO,"2oz one piece ladle, S/S",812944006495
34942,Town Food Service,"16.5"" Medium No. 2 Ladle",843784002354
33942,Town Food Service,16 in. Medium No. 2 Shovel,843784002347
OW189,Thundergroup,Asian cleaver,789313493012
47361,Town Food Service,Japanese style fruit knife,843784004358
47374,Town Food Service,Stainless steel slicer,843784001821
SLTWBS007,Thundergroup,"7""scraper",789313292318
SLTWBT210,Thundergroup,"10""Solid turner",789313292813
PLCBB02BU,Thundergroup,"6""x2 1/12""x2""Cutting board brush, Plastics, Blue",789313070213
-,-,Fruit knife set,-
ALTWFC016,Thundergroup,,789313499717
PLSP010,Thundergroup,"10""Plastic Scraper",789313227211
SLWS004P,Thundergroup,"4""Sandwich spread w/Pastic handle",789313301515
SLWPF014,Thundergroup,"14""French Whip",789313300518
SLKBS011,Thundergroup,"11""Deluxe bar spoon",789313259311
SLTG816R,Thundergroup,"16""Stainless Tong/RED",789313336715
PLPA8194,Thundergroup,"Nineth size 4""deep poluycarbonate food pan",789313001910
STPA8162,Thundergroup,"1/6 size 2-1/2""Anti-jam pan",789313308613
SLBM010,Thundergroup,4.25qt bain marie cover,789313247011
STPA8132,Thundergroup,"1/3size 2-1/2""Anti-jam pan",789313308019
STPA8146,Thundergroup,"1/4size 6""Anti-Jam pan",789313308514
STPA8142,Thundergroup,"1/4size 2-1/2""anti-jam pan",789313308316
STPA8194,Thundergroup,"1/9size 4""anti-jam pan",789313309016
PCPC-1BR,Thundergroup,receipt cover,789313436019
PLMENU-L3BL,Thundergroup,Menu holder,789313081912
PLPA7190CS,Thundergroup,Nineth size slotted cover 1st,789313538614
STPA8124,Thundergroup,"half size 4""anti-jam pan",789313307814
PLPA8126,Thundergroup,"half size 6""deep pc food pan",789313000616
PLPA7120C,Thundergroup,half size solid cover for polycarbonate food pan,789313536412
STPA7120CS,Thundergroup,half size solid cover S/S,789313304318
STPA6002,Thundergroup,"Full size 2-1/2""anti-jam pan",789313301713
PLPA8002,Thundergroup,"Full size 2-1/2""deep pc pan",789313000012
STPA6004,Thundergroup,"Full size 4""anti-jam pan",789313301812
PLPA7140C,Thundergroup,,789313537518
STPA7190C,Thundergroup,1/9 size solid cover,789313306510
SLFC001,Thundergroup,Stainless steel flatware cylinder,789313252213
STPA7160C,Thundergroup,1/6 size solid cover,789313306015
STPA8164,Thundergroup,"1/6 size 4""anti-jam pan",789313308712
STPA8122,Thundergroup,"half size 2-1/2""anti-jam pan",789313307715
STPA7000C,Thundergroup,Full size solid cover,789313303410
STPA7130C,Thundergroup,1/3 size solid cover,789313305018
SLIP003,Thundergroup,,789313257416
STPA6006,Thundergroup,"full size 6""anti-jam pan",789313301911
STPA6004,Thundergroup,"Full size 4"" anti-jam pan",789313301812